0:00	a centered cartoon nose with two clearly separated nostrils, a giant bold black ALL CAPS title above reading "WHY TWO NOSTRILS?", two yellow question marks pointing toward the openings, plain white background
0:03	a friendly stick figure with a round white head and blue T-shirt closing its mouth and taking one slow breath through its nose, soft blue airflow arrows entering both nostrils, plain white background
0:07	the same blue-shirt stick figure pressing the left nostril shut with one finger and then switching to the right, a simple two-panel comparison labeled "LEFT" and "RIGHT", pale sky-blue background
0:12	a close-up front view of a cartoon nose, the left nostril wide with a thick blue airflow arrow and the right nostril narrow with a thin arrow, bold marker label "ONE SIDE IS STRONGER", plain white background
0:19	two anthropomorphic nostril workers inside a nose, one frantically operating an airflow lever while the other relaxes in a tiny deck chair, playful visual metaphor, pale yellow background
0:29	the blue-shirt stick figure checking boxes beside a crossed-out snowflake labeled "COLD", crossed-out flower pollen labeled "ALLERGY", and green check beside "NORMAL", plain white background
0:37	two cartoon nostrils passing a small work baton from left to right, bold black marker text "TAKING TURNS", bright white background
0:42	a clean nose cutaway with the left nasal passage narrowing as the right passage widens, curved arrows showing a slow exchange, flat pale-blue anatomical background
0:50	a three-part montage of the blue-shirt figure typing at a desk, eating at a table, and sleeping in bed while tiny left-right arrows keep switching above the nose, white background with simple colored panels
0:59	the blue-shirt figure suddenly discovering the trick by blocking one nostril, eyes wide, a yellow light bulb and bold red text "WAIT... WHAT?", plain white background
1:05	a huge black question mark rising behind a tiny cartoon nose on a pedestal, dramatic educational reveal, solid pale yellow background
1:10	a humorous face with one mouth and two nostrils, numbered arrows reading "1 MOUTH" and "2 NOSTRILS", plain white background
1:16	a simplified front-view medical doodle showing both nasal passages merging into one throat and one windpipe before reaching two lungs, sky-blue background
1:23	a cartoon building shaped like a human head with two small entrance doors labeled "NOSTRILS" leading into one shared hallway, plain white background
1:29	a bold center wall labeled "SEPTUM" dividing two nasal tunnels, a green evolution arrow pointing toward the wall, pale tan background
1:33	a close-up nostril blocked by a mud clump, mucus blob, seed, tiny insect, and red swelling icons arranged like possible hazards, plain white background
1:42	a split nose where the left opening is blocked by a seed but the right opening still carries a strong blue airflow arrow, green check mark labeled "BACKUP", white background
1:50	two friendly nostril workers in matching uniforms punching alternating time cards beneath bold text "SHIFT WORK", pale blue background
1:54	a simple cartoon face peeling open like a hinged diagram to reveal the surprising nasal cavities inside, the blue-shirt figure looking amazed, plain white background
2:02	a symmetrical nose cross-section with a thick central divider highlighted red and labeled "SEPTUM", two separate passages clearly visible, pale sky-blue background
2:09	a winding maze inside both nasal passages made from curled shelves labeled "TURBINATES", tiny blue air arrows weaving through, plain white background
2:18	a magnified doodle of soft turbinate tissue filled with many red and blue blood vessels, yellow arrow labeled "BLOOD-RICH TISSUE", pale pink background
2:25	two sponge-like turbinate shapes, one swelling large with red blood droplets and one shrinking small, clear before-and-after arrows, white background
2:33	a nasal cross-section with a narrow crowded left tunnel and wide open right tunnel, thin versus thick blue airflow arrows, bold label "UNEQUAL FLOW", pale blue background
2:41	a large doodle hourglass between left and right nostril icons, curved arrows showing the dominant side changing after hours, solid tan background
2:48	a centered nose diagram encircled by two rotating arrows, huge bold black ALL CAPS text "THE NASAL CYCLE", plain white background
2:51	a nineteenth-century doctor with round spectacles sketching two nostrils in an old medical notebook, date card reading "1895", warm beige background
3:00	a lineup of simple mammals including human, dog, rabbit, rat, and cat, each with alternating blue arrows at the nostrils, marker text "MAMMALS DO IT", white background
3:10	several clocks showing different durations from minutes to hours around a switching nose icon, bold label "TIMING VARIES", pale yellow background
3:18	the blue-shirt figure sleeping on the left side, mattress tilting slightly, the upper right nostril glowing green and carrying more airflow, dark navy night background with flat yellow stars
3:26	the blue-shirt figure running on a treadmill while both nostrils open wide with two strong blue arrows, red marker label "EXERCISE", pale green background
3:31	two airflow gauges connected like balancing scales, left dropping as right rises while the total gauge remains level, white background
3:40	a cartoon brain receiving two blue nasal streams and merging them into one smooth arrow labeled "BREATHING", pale sky-blue background
3:49	the blue-shirt figure repeating the finger test beside a clock several hours later, the opposite nostril now highlighted green, plain white background
3:54	a confused stick figure staring at two airways where one is deliberately half closed, jagged speech bubble reading "WHY BUILD THIS?", bright white background
4:01	a plain straight pipe crossed out in red beside a complex colorful nose cutaway with a green check, bold text "NOT JUST A PIPE", pale yellow background
4:09	a nose presented as three tiny stations in one: blue climate-control fan, security checkpoint guard, and bubbling chemistry lab, clean white background
4:16	a four-corner montage of freezing snow, cracked dry desert, dusty brown cloud, and dark smoke all aiming toward a central nose, flat colors, white dividers
4:25	a pair of delicate pink cartoon lungs hiding behind a small shield while a blast of cold dusty air approaches, bold label "FRAGILE LUNGS", pale blue background
4:33	a cutaway nose slowing a wild blue airflow through curved turbinates, red warmth waves, water droplets, and black dust particles caught in mucus, white background
4:42	a microscopic doodle view of rows of tiny cilia sweeping trapped dust particles along a mucus conveyor belt, bold arrow labeled "CLEAR IT OUT", pale teal background
4:51	a before-and-after airflow frame, icy dry blue air entering the nose and warm humid air with water droplets exiting toward the lungs, white background
5:00	a wet cartoon machine made of nasal tissue displaying a blinking wrench icon and bold red text "MAINTENANCE NEEDED", pale yellow background
5:03	two nasal passages shown as work lanes, one handling a powerful cold blue stream while the other rests under a warm blanket icon, clean white background
5:13	the quieter nasal passage restoring blue water droplets, sweeping mucus, and removing dust while a circular recharge meter fills green, pale teal background
5:24	two janitor stick figures at a building that never closes, one holding the entrance open while the other mops an empty lane, then curved swap arrows, white background
5:35	a scientist stick figure admiring a neat nose-cycle diagram with a green check and speech bubble "ELEGANT", pale blue background
5:43	five competing hypothesis cards surrounding a nose labeled "WARM", "MOISTURE", "CLEARANCE", "DEFENSE", and "SMELL", giant question mark in center, white background
5:52	a Swiss-army-knife-style cartoon nose with multiple fold-out tools representing several biological advantages, bold text "MORE THAN ONE JOB", orange background
6:00	a large glowing scent spiral rising from coffee toward two nostrils, bold red marker text "THE STRANGEST ADVANTAGE", plain white background
6:03	two nostrils holding supposedly identical picture cards of a flower scent, the blue-shirt figure assuming they match, pale yellow background
6:10	the two picture cards flipping to reveal slightly different molecule patterns, bold text "EACH SIDE SMELLS DIFFERENTLY", bright white background
6:17	a close-up nose with one thick fast blue arrow and one thin slow blue arrow, giant yellow label "AIRFLOW", plain white background
6:20	a cloud of many differently shaped colorful odor molecules rather than one generic smell blob, marker text "A MIXTURE", pale blue background
6:29	a split-screen nasal tunnel, fast airflow carrying some molecules deep while slow airflow catches others near the front, white background
6:38	two receptor maps inside the nose lighting up in different colored patterns from the same odor cloud, pale teal scientific-diagram background
6:43	a rotating nasal-cycle dial changing one passage to high flow and the other to low flow, two molecule groups entering separate lanes, white background
6:52	two perfume bottles labeled "A" and "B", scent A glowing stronger beside the high-flow nostril and scent B glowing stronger beside the low-flow nostril, pale yellow background
7:02	a narrow nostril character looking discouraged until a green badge appears reading "NOT WORSE", plain white background
7:08	two nostrils displaying different colorful chemical landscape paintings, yellow arrow label "DIFFERENT PICTURE", pale blue background
7:10	a busy cartoon kitchen containing coffee, toasted bread, fruit, soap, and a tiny wisp of smoke, all sending colored scent ribbons toward a face, warm cream background
7:19	a nose close-up where one nostril samples scent ribbons quickly and the other pulls them slowly across receptors, clear speed-line contrast, white background
7:28	a cartoon brain receiving two slightly different scent reports and combining them into one rich kitchen image, bold label "ONE PERCEPTION", pale sky-blue background
7:38	a blue-shirt figure shrugging because it cannot consciously tell which nostril detected which smell, two nearly identical question bubbles, white background
7:49	two colored cables from the nostrils remaining separate as they travel upward toward the brain, bold label "TWO CHANNELS", pale blue background
7:54	a clean nasal cutaway with separate left and right patches of olfactory tissue glowing yellow at the roof of each passage, white background
8:03	a simplified brain diagram with left nostril connecting to left olfactory bulb and right nostril to right bulb, red and blue paths clearly separated, pale gray background
8:13	a friendly scientist monitoring a simple brain recording screen while two nostril signals appear as separate colored waves, no realistic surgery, teal laboratory background
8:23	a horizontal timeline showing a red left-nostril signal arriving first and a blue right-nostril signal arriving second before merging into a smell icon, white background
8:26	two cartoon eyes viewing the same cube from slightly different angles, arrows converging on a brain, bold label "DEPTH", pale yellow background
8:34	two cartoon ears receiving a sound wave at slightly different times, brain arrow pointing toward the source, bold label "DIRECTION", pale blue background
8:43	a comparison board showing paired eyes equal depth and paired ears equal direction, with two nostrils appearing as the missing third pair, white background
8:47	a dramatic nose between two speaker-like scent waves with giant black text "STEREO SMELL?", solid orange background
8:50	a ruler measuring the small gap between two nostrils, bold marker text "ABOUT 3.5 CM", plain white background
8:59	a blindfolded blue-shirt figure receiving a gentle rose scent into only the left nostril and looking uncertain, pale blue laboratory background
9:08	the blindfolded figure pointing randomly left and right with two question marks, marker label "HARD TO REPORT", white background
9:15	scientists lowering clipboards and instead watching a volunteer's whole-body movement through a magnifying glass, bold text "WATCH THE BODY", pale yellow background
9:21	a scientist painting a winding ten-meter chocolate-scent trail across bright green grass, brown scent dots forming an invisible path, blue sky background
9:29	a volunteer wearing blindfold, ear covers, knee pads, and gloves at the start of the scent trail, playful experimental setup, green field background
9:38	the padded volunteer crawling in a zigzag with nose near the grass, exaggerated but friendly comedy framing, bold text "RIDICULOUS", bright outdoor background
9:40	the same volunteer reaching a chocolate icon at the end of the trail with arms raised, huge green check and text "IT WORKED", bright outdoor background
9:47	three sequential doodle panels showing the volunteer becoming faster and following a cleaner path with practice, small stopwatch icons, white background
9:56	a nose fitted with crossed red and blue airflow tubes, the volunteer's scent path becoming confused and wobbly, bold label "COMPARISON DISRUPTED", pale blue background
10:07	a modern experiment with a seated participant viewing moving dots while two tubes deliver slightly different rose scents to the nostrils, clean teal lab background
10:17	the participant's perceived movement arrow bending subtly toward the nostril receiving the stronger scent, yellow directional arrow, white background
10:27	a conscious stick-figure head saying "I DON'T KNOW" while a small hidden brain compass points confidently left, pale yellow background
10:31	two nostrils comparing scent intensity like tiny balance scales beneath awareness, soft blue arrows and a faint compass, white background
10:40	a top-down head turning left then right through an odor cloud, each sniff creating a new pair of measurement dots, pale green background
10:51	a lineup of human, dog, mole, and mouse noses using paired scent arrows, bold black text "NOT JUST HUMANS", white background
10:55	a cute eastern American mole tunneling underground in total darkness, nose forward and colorful scent ribbons guiding it, brown earth background
11:05	a top-down circular experiment arena with a mole quickly finding a small food piece by smell, dotted path and stopwatch, tan background
11:15	a mole with one nostril gently blocked by a tiny harmless plug, one-sided blue airflow arrow, white scientific-diagram background
11:21	a top-down mole path curving noticeably toward its open nostril side, red dashed wrong curve and directional arrow, tan background
11:31	two tiny crossed tubes swapping left and right scent inputs, the mole confidently turning the wrong direction, bold red text "SIGNALS CROSSED", white background
11:43	a mole nose transformed into a simple compass with left and right scent needles, bold label "SMELL COMPASS", orange background
11:49	an outdoor odor cloud torn by wind into scattered colorful pockets and thin filaments rather than one solid plume, pale sky-blue background
12:00	a comparison of one lonely scent detector producing only a question mark versus two detectors producing a clear left arrow, white background
12:09	a cartoon brain solving a jigsaw puzzle made from repeated sniffs and small head-turn icons, pale yellow background
12:18	a dog and mole sweeping their noses side to side along a dotted scent trail, curved black movement arrows, bright green ground
12:28	three scent gauges reading "STRONGER", "WEAKER", "STRONGER" as an animal turns toward improvement, white background
12:37	the blue-shirt figure suddenly smelling something burning inside a simple cartoon house, thin smoke curl and alert expression, pale gray background
12:47	the figure sniffing first toward a hallway and then toward a kitchen, left-right scent arrows forming spatial clues, white house cutaway background
12:58	a close-up ruler again spanning two nostrils with two separate air-sampling bubbles, bold text "TWO POINTS IN SPACE", plain white background
13:08	a head diagram comparing the small nostril gap with the larger ear gap, both pairs feeding left-right data into the brain, pale blue background
13:19	a dark forest with a twig snapping on one side, tiny timing differences reaching two ears and a yellow arrow revealing direction, navy background
13:28	a giant cartoon brain using a microscope to examine two nearly identical signals, bold label "TINY DIFFERENCES MATTER", white background
13:33	a person entering a cafe and perceiving one large coffee aroma cloud rather than two separate clouds, warm tan cafe background
13:43	two red and blue scent streams traveling through separate nose tissue and nerves before merging into one coffee cup icon in the brain, white background
13:55	a nasal-cycle control panel automatically alternating between left high-flow and right high-flow settings, green indicator lights, pale blue background
14:06	the same flower odor sampled once with a fast stream and later with a slow stream beside a rotating clock, white background
14:14	a cartoon camera switching between a bright-action exposure mode and a dim-detail mode, two photo cards side by side, pale yellow background
14:25	the two different camera images joining into one richer picture with a green check, bold text "BOTH ARE USEFUL", white background
14:28	a nasal tunnel where highly absorbable molecules stick near the front while other molecules travel deeper toward receptors, clean teal diagram background
14:40	two versions of the same nasal passage under fast and slow airflow, colored molecules landing in different places, white background
14:52	a complicated perfume cloud entering both nostrils and emerging as a wide rainbow of detected molecule icons, bold label "MORE INFORMATION", pale blue background
14:55	a low-airflow nostril unexpectedly winning a gold medal for detecting a specific purple odor molecule, playful white background
15:05	a shouting stick figure beside an overloaded ear crossed out, paired with a calm correctly tuned signal and green check, visual analogy, pale yellow background
15:16	a nose acting as a chemistry sorting machine that separates a mixed cloud into several colored molecule bins, bold text "SEPARATING THE MIXTURE", white background
15:21	a giant daily airflow meter rapidly counting thousands of liters while a small person breathes normally, pale blue background
15:30	cold dry air stealing blue water droplets and red heat symbols from the nasal lining, bold label "HEAT + MOISTURE LOSS", white background
15:41	blood-rich turbinates adding red warmth waves and blue water droplets to incoming air before it reaches the lungs, teal anatomical background
15:52	a single giant straight nostril tunnel letting air shoot through too quickly with little wall contact, red warning sign, white background
16:00	a complex divided nasal filter with curled turbinates creating a long controlled airflow route and lots of surface contact, green check, pale blue background
16:09	a nose cross-section with cool dry inhale arrows entering and warm moist exhale arrows returning, two-way energy exchange, white background
16:19	a small battery icon between outside air and nasal tissue charging and discharging with every breath, bold label "ENERGY EXCHANGE", pale yellow background
16:32	the blue-shirt figure sleeping during a freezing winter night while cold dry air repeatedly enters the nose, flat navy sky and white snow outside
16:42	a microscopic night-shift scene of mucus catching particles and tiny cilia sweeping continuously under a moon icon, teal background
16:51	two nasal surfaces alternating between a windy work shift and a warm recovery shift, rotating arrows and cautious label "POSSIBLE ROLE", white background
16:59	a scientist beside a nose diagram and a large honest question mark, bold text "NOT FULLY SETTLED", pale yellow background
17:02	a stick figure forcing one oversized puzzle piece labeled "ONE PERFECT STORY" into a complex nose-shaped puzzle where it does not fit, white background
17:12	three competing signs pointing toward the nose reading "STEREO SMELL", "BACKUP", and "CLEANING", none crowned as the only answer, pale blue background
17:26	a tidy icon row showing backup airflow, alternating arrows, mixed odor molecules, and a left-right compass, white background
17:36	a second icon row showing divided passages controlling air and increasing tissue contact, all icons linking into one nose, pale teal background
17:45	a nose design standing on a winner podium supported by many small advantage blocks rather than one block, bold text "VALUABLE TOGETHER", orange background
17:48	a fast montage of a wild animal finding food, avoiding smoke, following family tracks, and noticing a predator through scent, four flat-color panels
17:58	a modern human staring at a phone map while a tiny unnoticed scent-navigation machine keeps turning inside the nose, white city background
18:07	the original giant question mark returns beside the nose, now surrounded by accumulated clue icons, pale yellow background
18:13	a humorous face with one enormous central nostril, startled expression, bold black text "WHY NOT ONE?", plain white background
18:16	one giant nostril sampling only a single point in an odor cloud while two normal nostrils sample left and right, clear comparison, pale blue background
18:24	a one-nostril design failing to compare sides or alternate lanes, two missing-feature icons crossed out in red, white background
18:32	the giant single nostril blocked by one seed so all airflow stops, huge red X, simple comedy framing, pale yellow background
18:36	a normal two-nostril nose opening a toolbox of options labeled "COMPARE", "ALTERNATE", and "BACKUP", white background
18:39	a friendly evolutionary designer confronted by an existing half-finished body blueprint rather than a blank page, marker text "NO CLEAN SHEET", tan background
18:48	a symmetrical stick-figure body split by a dotted center line into left and right halves, bold label "BILATERAL BODY PLAN", white background
18:58	a row of paired eyes, paired ears, paired arms, paired legs, and finally paired nostrils, black arrows emphasizing left and right, pale blue background
19:10	a developing cartoon face with the central septum growing down the middle and separating two nasal cavities, clean educational diagram, white background
19:12	a long green evolution arrow carrying an existing two-channel nose through many simplified mammal silhouettes, pale tan background
19:23	the inherited two-channel structure gaining stacked upgrade icons for resilience, airflow, smell, and direction, bold text "MORE USEFUL OVER TIME", white background
19:32	two nostril twins standing side by side but with slightly different shapes and airflow gauges, bold label "NOT PERFECT TWINS", pale yellow background
19:41	a house-plumbing metaphor showing symmetrical faucets outside but different winding pipes behind the wall, yellow arrow pointing to a nose, white background
19:49	the blue-shirt figure catching a cold with red nose and tissue box while the hidden nasal-cycle arrows continue rotating, pale blue background
19:58	a nose cutaway during inflammation, one side nearly sealed by swollen red tissue while the other side struggles with a large airflow arrow, white background
20:08	a clock sequence showing nasal blockage appearing to migrate from left to right over several hours, dotted red movement illusion, pale yellow background
20:16	a red mucus blob standing still while rotating nasal-cycle arrows move underneath it, bold text "THE COLD DIDN'T MOVE", plain white background
20:20	a tabletop holding gentle-smelling coffee, soap, orange peel, and cinnamon beside a curious blue-shirt figure, warm cream background
20:29	the figure safely holding coffee at a distance, closing one nostril and smelling through the other, simple blue scent ribbon, white background
20:39	a two-panel comparison where the figure switches nostrils and notices one scent ribbon sharper and the other softer, yellow question mark, pale blue background
20:49	a large clock jumping forward several hours beside the same smell objects, bold marker text "TRY AGAIN LATER", plain white background
20:52	the figure repeating the test as the opposite nostril now glows green, playful caption "A DIFFERENT NOSE", pale yellow background
20:54	a heroic nose surrounded by four clear icons: adjustable air lanes, chemistry flask samplers, two map points, and a comparing brain, white background
21:05	one nostril carrying the stronger blue breath while the other displays a green recovery meter, then a second panel showing different scent molecules, pale blue background
21:15	an invisible odor cloud transformed by two nostrils into a simple map with a nearby coffee icon and directional arrow, white background
21:24	the blue-shirt figure calmly reading a book and breathing, unaware of a busy miniature control room operating inside the nose, warm cream background
21:28	a close-up of the figure taking one final slow breath, one nostril showing a slightly stronger blue airflow path, plain white background
21:37	a rapid internal-process montage inside the nose: swelling blood vessels, trapped dust, sweeping cilia, warming tissue, and two timed scent signals, teal background
21:52	a quiet clock beside a nose as the left and right airflow arrows smoothly trade thickness, bold label "SWITCHING AGAIN", navy night background
21:59	a cartoon body engineer looking at two nostrils with a crossed-out label "ACCIDENTAL EXTRA HOLE", white background
22:04	four bold colored words arranged around a centered nose: "ALTERNATE", "COMPARE", "RECOVER", "GUIDE", bright orange background
22:09	a single nostril sending one simple scent ribbon toward a globe icon, bold black text "ONE LETS YOU SMELL", plain white background
22:12	two nostrils sending distinct red and blue scent streams into a glowing brain that reveals a hidden directional map, bold text "TWO REVEAL MORE", clean white background
